{"cameraMode":{"drawMode":0,"name":"Shaded","section":"Shading Mode"},"sceneLighting":true,"audioPlay":false,"sceneViewState":{"showFog":false,"showMaterialUpdate":false,"showSkybox":false,"showFlares":false,"showImageEffects":false,"showParticleSystems":false},"in2DMode":false,"pivot":{"x":3.622283935546875,"y":-13.847192764282227,"z":0.9611358642578125},"rotation":{"x":0.04798148572444916,"y":-0.009000694379210472,"z":-0.00042569354991428554,"w":-0.9988304376602173},"size":27.670331954956056,"orthographic":false}