{"cameraMode":{"drawMode":0,"name":"Shaded","section":"Shading Mode"},"sceneLighting":false,"audioPlay":false,"sceneViewState":{"showFog":false,"showMaterialUpdate":false,"showSkybox":false,"showFlares":false,"showImageEffects":false,"showParticleSystems":false},"in2DMode":false,"pivot":{"x":-0.19550752639770509,"y":-26.177326202392579,"z":0.09299945831298828},"rotation":{"x":0.1774997115135193,"y":-0.3603632152080536,"z":0.07005365937948227,"w":0.9130911231040955},"size":2.102105140686035,"orthographic":false}