{"cameraMode":{"drawMode":0,"name":"Shaded","section":"Shading Mode"},"sceneLighting":false,"audioPlay":false,"sceneViewState":{"showFog":false,"showMaterialUpdate":false,"showSkybox":false,"showFlares":false,"showImageEffects":false,"showParticleSystems":false},"in2DMode":false,"pivot":{"x":0.1696578860282898,"y":0.40769433975219729,"z":-4.354958534240723},"rotation":{"x":0.5642537474632263,"y":-0.1985035240650177,"z":0.14205439388751985,"w":0.7887189984321594},"size":1.1307590007781983,"orthographic":false}